{
  "meta" : {
    "type" : "schemas"
  },
  "objects" : [
    {
      "object" : {
        "name" : "objects.image",
        "properties" : [
          {
            "indexed" : false,
            "name" : "name",
            "type" : "string"
          },
          {
            "indexed" : false,
            "name" : "file",
            "objectType" : "files",
            "processors" : [
              {
                "type" : "image",
                "variants" : {
                  "thumbnail" : {
                    "crop" : "100x100"
                  }
                }
              }
            ],
            "type" : "ref"
          }
        ]
      }
    }
  ]
}
